Workbook

Sheet User_Responses
A1: Category | B1: Client-Specific Question | C1: User Priority | D1: User Score
A2: IAM & Least Privilege | B2: Human Multi-Factor Authentication (MFA) A) Phishing-resistant hardware MFA keys are strictly mandatory for all console users, with no bypass options. B) MFA via standard mobile authenticator apps is enforced globally, but fallback to SMS OTP is permitted. C) MFA is enforced only for administrator or root accounts, while standard users rely on static passwords. D) MFA is optional or unenforced across the tenant, allowing console access via basic usernames and passwords. | C2: D | D2: {=_xlfn.SWITCH(C2,"A", 0.25,"B", 0.5, "C", 0.75,"D", 1)} -> 1
A3: IAM & Least Privilege | B3: Root Account Protection A) Root/Break-glass accounts are locked in a physical vault, have hardware MFA, and are never used for daily operations B) Root accounts are rarely used, but access tracking relies on manual review of daily email digests. C) Root credentials are known to multiple engineers and lack hardware locks or immediate alerting protocols. D) Daily operational scripts and infrastructure management tasks execute natively using the cloud tenant's root account. | C3: D | D3: {=_xlfn.SWITCH(C3,"A", 0.25,"B", 0.5, "C", 0.75,"D", 1)} -> 1
A4: IAM & Least Privilege | B4: Non-Human / Service Account Privileges A) Services assume transient IAM roles via short-lived tokens (e.g., AWS STS, Azure Managed Identities) with strict least privilege. B) Service identities use scoped IAM roles, but permission structures include broad asterisks (e.g., s3:*) within the resource scope. C) Cloud workloads utilize long-lived, static access keys stored directly inside application code configuration files. D) Long-lived access keys possess full administrative permissions (*:*) and are shared across multiple unlinked workloads | C4: D | D4: {=_xlfn.SWITCH(C4,"A", 0.25,"B", 0.5, "C", 0.75,"D", 1)} -> 1
A5: IAM & Least Privilege | B5: Just-In-Time (JIT) Privilege Escalation A) High-privilege access is granted exclusively via automated JIT request pipelines that auto-revoke access within 1 hour. B) Escalations require peer sign-off, but roles remain active for 24–48 hours before manual clean-up occurs. C) Administrators retain permanent high-level privileges on daily user profiles, relying on corporate policy to limit misuse. D) High-privilege profiles remain assigned to inactive, dormant, or former employee accounts indefinitely. | C5: D | D5: {=_xlfn.SWITCH(C5,"A", 0.25,"B", 0.5, "C", 0.75,"D", 1)} -> 1
A6: IAM & Least Privilege | B6: Credential Rotation Cadence A) Cloud console passwords and programmatic keys are systematically rotated every 30 days via automated scripts. B) Passwords require rotation every 90 days, but programmatic developer access keys remain active until manual intervention. C) Key rotation happens reactively following team departures or suspected credential exposure events. D) Programmatic access keys have never been rotated since the initial creation of the cloud tenant environment. | C6: D | D6: {=_xlfn.SWITCH(C6,"A", 0.25,"B", 0.5, "C", 0.75,"D", 1)} -> 1
A7: Cloud Infrastructure Perimeter Security | B7: Management Ingress Controls (SSH/RDP) A) Administrative ports are completely closed to the internet; access requires a managed session broker (e.g., AWS Systems Manager, Azure Bastion). B) Management ports require a corporate VPN connection, but target instance security groups lack granular IP whitelists. C) SSH/RDP inputs filter traffic through a static list of external IP ranges that are rarely audited or updated. D) Management routes are exposed directly to the public web (0.0.0.0/0), allowing brute-force attempts from any host. | C7: D | D7: {=_xlfn.SWITCH(C7,"A", 0.25,"B", 0.5, "C", 0.75,"D", 1)} -> 1
A8: Cloud Infrastructure Perimeter Security | B8: Distributed Denial of Service (DDoS) Shielding A) Advanced, native, or third-party edge-protection tools are deployed continuously to scrub and drop layer 7 DDoS floods automatically. B) Perimeter endpoints use baseline platform protections, which trigger manual notification workflows during volumetric spikes. C) Mitigation depends on standard load balancer rate limiting without edge caching or packet inspections. D) High-visibility cloud targets route traffic without edge shielding, exposing the target environment to resource exhaustion. | C8: D | D8: {=_xlfn.SWITCH(C8,"A", 0.25,"B", 0.5, "C", 0.75,"D", 1)} -> 1
A9: Cloud Infrastructure Perimeter Security | B9: Web Application Firewall (WAF) Implementation A) WAF instances process all public traffic using automated, managed OWASP Top 10 threat prevention rule blocks. B) WAF tools operate in log-only alert modes, capturing web protocol injection indicators without dropping anomalous packets. C) Custom firewall filtering occurs at application code tiers rather than modern edge gateway inspection tiers. D) Web endpoints handle public traffic without intercepting inspection firewalls, exposing internal web backends to direct exploits. | C9: D | D9: {=_xlfn.SWITCH(C9,"A", 0.25,"B", 0.5, "C", 0.75,"D", 1)} -> 1
A10: Operating System Privileged Account Control | B10: External Public IP Allocation Audit A) Real-time asset inventory engines identify newly provisioned public endpoints and close unapproved entry paths automatically. B) Network engineering groups complete manual validation checks of internet-facing public routing configurations every month. C) Visual mapping of public IP assignments occurs only during large infrastructure architecture reviews. D) Production instances assign public IP routes dynamically without baseline authorization workflows or discovery tracking. | C10: D | D10: {=_xlfn.SWITCH(C10,"A", 0.25,"B", 0.5, "C", 0.75,"D", 1)} -> 1
A11: Operating System Privileged Account Control | B11: DNS Domain Routing Protections A) Cloud DNS zones mandate strict DNSSEC validation alongside real-time anomaly alerts for configuration updates. B) Zone registries use infrastructure management platforms, but validation checks do not analyze dangling subdomain risks. C) Modifications to zone allocations occur via standard helpdesk requests without automated multi-signature verification steps. D) DNS resolution properties allow unmonitored updates, exposing cloud operations to sub-domain hijacking. | C11: D | D11: {=_xlfn.SWITCH(C11,"A", 0.25,"B", 0.5, "C", 0.75,"D", 1)} -> 1
A12: Compute Hardening & Vulnerability Management | B12: OS Images and Base Hardening A) Golden images (AMIs/VHDs) are automatically hardened to CIS Benchmarks and re-built weekly via automated pipelines. B) Images follow documented internal templates, but baseline configuration auditing happens manually on a monthly cycle. C) Servers pull stock vendor images directly from open marketplace mirrors without custom configuration adjustments. D) Computing nodes deploy outdated, unhardened operating system builds containing obsolete system tools. | C12: D | D12: {=_xlfn.SWITCH(C12,"A", 0.25,"B", 0.5, "C", 0.75,"D", 1)} -> 1
A13: Compute Hardening & Vulnerability Management | B13: Automated Vulnerability Scanning A) Native cloud scanners (e.g., AWS Inspector, Microsoft Defender for Cloud) continuously check all instances for active CVE vulnerabilities. B) Scanning engines execute scheduled sweeps every 14 days, generating static report sheets for review. C) External networks run periodic vulnerability scans only when needed to meet annual check-box compliance audits. D) Compute nodes operate without active scanning tools, missing zero-day runtime threats. | C13: D | D13: {=_xlfn.SWITCH(C13,"A", 0.25,"B", 0.5, "C", 0.75,"D", 1)} -> 1
A14: Compute Hardening & Vulnerability Management | B14: Dynamic Runtime Patch Deployment A) Critical operating system updates apply automatically within 24 hours of release via managed patch managers. B) Server components receive rolling hotfix patch updates monthly during scheduled infrastructure downtime windows. C) Maintenance patch execution requires manual engineer deployment, resulting in multi-month remediation backlogs. D) Virtual machines are running legacy kernel packages with publicly documented, active exploit paths. | C14: D | D14: {=_xlfn.SWITCH(C14,"A", 0.25,"B", 0.5, "C", 0.75,"D", 1)} -> 1
A15: Compute Hardening & Vulnerability Management | B15: Endpoint Detection & Response (EDR) A) Cloud-optimized EDR agents are baked into every image to block execution memory manipulation and file integrity shifts. B) Antivirus engines track known malware file hashes, but lack behavioral analytics to identify living-off-the-land techniques. C) Endpoint logging monitors core performance markers rather than actively checking for malicious process anomalies. D) Compute nodes run with zero host-level endpoint tools, leaving execution layers unmonitored. | C15: D
A16: Compute Hardening & Vulnerability Management | B16: Metadata Service (IMDS) Hardening A) All compute targets enforce modern IMDSv2 exclusively, blocking token harvesting via Server-Side Request Forgery (SSRF). B) IMDSv2 is preferred, but compatibility switches allow instances to fall back to insecure IMDSv1 structures if requested. C) Workloads process traffic using legacy IMDSv1 defaults, relying entirely on network boundaries to secure credentials. D) Metadata endpoint paths are completely unmonitored, permitting unauthenticated root role extraction via SSRF. | C16: D | D16: {=_xlfn.SWITCH(C16,"A", 0.25,"B", 0.5, "C", 0.75,"D", 1)} -> 1
A17: Data Protection & Encryption at Rest/In-Transit | B17: Data-at-Rest Master Key Management A) Storage uses Customer-Managed Keys (CMK) via cloud KMS with strict envelope encryption and automated annual key rotation B) Data is encrypted using cloud provider-managed default platform keys, but rotation cannot be customized or verified. C) Cloud storage objects rely on optional, software-level application encryption without centralized key tracking. D) Storage volumes, buckets, and disks are left unencrypted in cleartext at the infrastructure level. | C17: D | D17: {=_xlfn.SWITCH(C17,"A", 0.25,"B", 0.5, "C", 0.75,"D", 1)} -> 1
A18: Data Protection & Encryption at Rest/In-Transit | B18: Transport Layer Security (TLS) Cipher Enforcement A) Network gateways actively block weak ciphers and require forward secrecy configurations exclusively. B) Modern ciphers are preferred, but security profiles permit legacy CBC or RC4 structures to avoid service drops. C) Cipher parameters use out-of-the-box load balancer defaults with no manual hardening or alignment reviews. D)Gateway parameters allow obsolete, vulnerable ciphers, exposing communication channels to decryption. | C18: D | D18: {=_xlfn.SWITCH(C18,"A", 0.25,"B", 0.5, "C", 0.75,"D", 1)} -> 1
A19: Data Protection & Encryption at Rest/In-Transit | B19: Data-in-Transit Protocol Enforcement A) Enforced globally via automated boundary policies dropping all connections failing to use HTTPS/TLS 1.3. B) Encrypted via TLS 1.2, but perimeter gateways tolerate older legacy protocols for backwards compatibility. C) Encryption in-transit relies entirely on manual application settings without centralized network enforcement. D) Internal data flows and public web services transmit unencrypted over plaintext HTTP channels. | C19: D | D19: {=_xlfn.SWITCH(C19,"A", 0.25,"B", 0.5, "C", 0.75,"D", 1)} -> 1
A20: Data Protection & Encryption at Rest/In-Transit | B20: Transport Layer Security (TLS) Cipher Enforcement A) Network gateways actively block weak ciphers and require forward secrecy configurations exclusively. B) Modern ciphers are preferred, but security profiles permit legacy CBC or RC4 structures to avoid service drops. C) Cipher parameters use out-of-the-box load balancer defaults with no manual hardening or alignment reviews. D) Gateway parameters allow obsolete, vulnerable ciphers, exposing communication channels to decryption. | C20: D | D20: {=_xlfn.SWITCH(C20,"A", 0.25,"B", 0.5, "C", 0.75,"D", 1)} -> 1
A21: Data Protection & Encryption at Rest/In-Transit | B21: Public/Private Boundary Isolation A) Strict network boundaries isolate datastores into non-routable subnets with zero public gateway paths. B) Databases sit in isolated subnets, but rely on security group rules rather than structural network separation. C) Private assets share subnet space with public web servers, relying purely on host firewalls for isolation. D) Datastores route traffic directly to the public web with active public IP allocations assigned to nodes. | C21: D | D21: {=_xlfn.SWITCH(C21,"A", 0.25,"B", 0.5, "C", 0.75,"D", 1)} -> 1
A22: Data Protection & Encryption at Rest/In-Transit | B22: Cryptographic Key Separation Matrix A) Key access parameters enforce a strict separation of duties; key administrators cannot decrypt target data. B) Access is restricted to specific engineering groups, but keys lack granular, contextual resource-use constraints. C) Generic developer roles possess full administrative and cryptographic use rights over master key rings. D) Decryption keys use wide-open access policies, allowing any tenant user profile to view sensitive data. | C22: D | D22: {=_xlfn.SWITCH(C22,"A", 0.25,"B", 0.5, "C", 0.75,"D", 1)} -> 1
A23: Secrets & Key Management | B23: Secrets Centralization Architecture A) All environment configurations draw credentials dynamically at runtime from a dedicated, hardware-backed vault. B) Secrets sit inside managed cloud helper systems, but access controls allow broad developer-level reading. C) Credentials reside inside static system text configuration properties files located on local container storage disks. D) Database strings, API access codes, and service passwords sit hardcoded in plaintext inside application code files. | C23: D | D23: {=_xlfn.SWITCH(C23,"A", 0.25,"B", 0.5, "C", 0.75,"D", 1)} -> 1
A24: Secrets & Key Management | B24: Secret Dynamic Auto-Rotation Frequency A) Managed vaults rotate operational secrets dynamically every 30 days via automated application callback tasks.. B) Passwords update manually on a quarterly calendar schedule, requiring system reboots to apply values. C) Secret replacement happens reactively following infrastructure security events or team departures. D) Environment credentials have never undergone rotation adjustments since the initial account configuration. | C24: D | D24: {=_xlfn.SWITCH(C24,"A", 0.25,"B", 0.5, "C", 0.75,"D", 1)} -> 1
A25: Secrets & Key Management | B25: Application Secret Injection Methods A) Workloads inherit secrets in-memory via secure native role metadata queries without leaving local system footprints. B) Values inject into container system properties during initialization phases, leaving them visible in configuration interfaces. C) Build engines paste plaintext secret strings into deployment packages during compilation procedures. D) Configuration files containing raw production credentials are saved inside open code repository branches. | C25: D | D25: {=_xlfn.SWITCH(C25,"A", 0.25,"B", 0.5, "C", 0.75,"D", 1)} -> 1
A26: Secrets & Key Management | B26: Secret Decryption Logging Transparency A) Every single secret read request generates an immediate, immutable, non-repudiable alert to security monitoring. B) API logging tracks configuration changes to the vault, but misses individual secret retrieval occurrences. C) Event logs collect metadata locally inside the vault storage space, but skip integration with centralized monitoring. D) Secret retrieval processes generate zero access log traces, rendering compromise identification impossible. | C26: D | D26: {=_xlfn.SWITCH(C26,"A", 0.25,"B", 0.5, "C", 0.75,"D", 1)} -> 1
A27: Storage & Database Security Configuration | B27: Object Storage Access Controls A) Enforced via explicit zero-trust IAM block definitions combined with signed-URL authorization for external users. B) Storage permissions use standard bucket configurations, which requires continuous manual checking to avoid errors. C) Access relies on basic access control lists (ACLs) that run high risks of accidental exposure during updates. D) Storage bucket access definitions are configured to allow public unauthenticated reading and writing over the web. | C27: D | D27: {=_xlfn.SWITCH(C27,"A", 0.25,"B", 0.5, "C", 0.75,"D", 1)} -> 1
... A76: DevSecOps & CI/CD Pipeline Security | B76: Pipeline Runner Host Kernel Protection A) Delivery steps run within single-use, isolated sandboxes that clear all data automatically after execution. B) Build tasks run on shared local servers that require administrative overrides to execute system commands. C) Runner instances operate with wide system access, risking code injection vulnerabilities across build files. D) Pipeline hosts run with full system root permissions permanently, leaving execution layers open to attack. | C76: B | D76: {=_xlfn.SWITCH(C76,"A", 0.25,"B", 0.5, "C", 0.75,"D", 1)} -> 0.5
A78: © 2026 Amit Kulkarni All rights reserved.

Sheet Results
A1: Category | B1: Category Score Formula | C1: Weight Multipliers | D1: Weighted Scores
A2: IAM & Least Privilege | B2: =AVERAGEIF(User_Responses!$A$2:$A$76, A2, User_Responses!$D$2:$D$76) -> 1 | C2: 3 | D2: =B2*C2 -> 3
A3: Cloud Infrastructure Perimeter Security | B3: =AVERAGEIF(User_Responses!$A$2:$A$76, A3, User_Responses!$D$2:$D$76) -> 1 | C3: 3 | D3: =B3*C3 -> 3
A4: Operating System Privileged Account Control | B4: =AVERAGEIF(User_Responses!$A$2:$A$76, A4, User_Responses!$D$2:$D$76) -> 1 | C4: 3 | D4: =B4*C4 -> 3
A5: Compute Hardening & Vulnerability Management | B5: =AVERAGEIF(User_Responses!$A$2:$A$76, A5, User_Responses!$D$2:$D$76) -> 1 | C5: 2 | D5: =B5*C5 -> 2
A6: Data Protection & Encryption at Rest/In-Transit | B6: =AVERAGEIF(User_Responses!$A$2:$A$76, A6, User_Responses!$D$2:$D$76) -> 1 | C6: 2 | D6: =B6*C6 -> 2
A7: Secrets & Key Management | B7: =AVERAGEIF(User_Responses!$A$2:$A$76, A7, User_Responses!$D$2:$D$76) -> 1 | C7: 3 | D7: =B7*C7 -> 3
A8: Storage & Database Security Configuration | B8: =AVERAGEIF(User_Responses!$A$2:$A$76, A8, User_Responses!$D$2:$D$76) -> 1 | C8: 2 | D8: =B8*C8 -> 2
A9: Backup, Disaster Recovery & Ransomware Resilience | B9: =AVERAGEIF(User_Responses!$A$2:$A$76, A9, User_Responses!$D$2:$D$76) -> 1 | C9: 1 | D9: =B9*C9 -> 1
A10: Control Plane & API Integrity | B10: =AVERAGEIF(User_Responses!$A$2:$A$76, A10, User_Responses!$D$2:$D$76) -> 1 | C10: 2 | D10: =B10*C10 -> 2
A11: Serverless & Container Runtime Protection | B11: =AVERAGEIF(User_Responses!$A$2:$A$76, A11, User_Responses!$D$2:$D$76) -> 1 | C11: 2 | D11: =B11*C11 -> 2
A12: Audit Logging, SIEM, & Cloud Observability | B12: =AVERAGEIF(User_Responses!$A$2:$A$76, A12, User_Responses!$D$2:$D$76) -> 1 | C12: 2 | D12: =B12*C12 -> 2
A13: Infrastructure as Code (IaC) & Configuration Drift | B13: =AVERAGEIF(User_Responses!$A$2:$A$76, A13, User_Responses!$D$2:$D$76) -> 0.85 | C13: 1 | D13: =B13*C13 -> 0.85
... A17: DevSecOps & CI/CD Pipeline Security | B17: =AVERAGEIF(User_Responses!$A$2:$A$76, A17, User_Responses!$D$2:$D$76) -> 0.4 | C17: 2 | D17: =B17*C17 -> 0.8
B19: Global Threat Posture Score | C19: =SUM(D2:D17)/SUM(C2:C17) -> 0.83382353
B21: Threat Posture End State | C21: =IF(C19<=40%, "🟢 Cloud Optimized State", IF(C19<=60%, "🟡 Cloud Resilient State", IF(C19<=80%, "🟠 Elevated Cloud Exposure", "🔴 Critical Cloud Threat Posture"))) -> 🔴 Critical Cloud Threat Posture
B23: Row Labels | C23: Sum of Weight Multipliers | D23: Sum of Weighted Scores
B24: Audit Logging, SIEM, & Cloud Observability | C24: 2 | D24: 1.3
B25: Backup, Disaster Recovery & Ransomware Resilience | C25: 1 | D25: 0.45
B26: Cloud Infrastructure Perimeter Security | C26: 3 | D26: 1.5
B27: Compute Hardening & Vulnerability Management | C27: 2 | D27: 1.625
B28: Control Plane & API Integrity | C28: 2 | D28: 1.2
B29: Cross-Account & Third-Party Integrations | C29: 2 | D29: 1.1
B30: CSPM & Continuous Compliance Auditing | C30: 1 | D30: 0.8
B31: Data Protection & Encryption at Rest/In-Transit | C31: 2 | D31: 1.4166667
B32: DevSecOps & CI/CD Pipeline Security | C32: 2 | D32: 1.2
B33: IAM & Least Privilege | C33: 3 | D33: 2.1
B34: Infrastructure as Code (IaC) & Configuration Drift | C34: 1 | D34: 0.55
B35: Multi-Tenant Network Isolation | C35: 3 | D35: 2.1
... B40: Grand Total | C40: 34 | D40: 21.641667
A42: © 2026 Amit Kulkarni All rights reserved.

Sheet Results Interpretation
A1: States | B1: Definitions | C1: Operational Impact
A2: 🛡️ State 1: Cloud Optimized State (Score: 0% – 40%) | B2: The organization exhibits a highly mature security architecture. Technical controls are automated, segmentation is pristine, and privileged activities are stringently managed | C2: Low threat exposure. Highly resilient against sophisticated, multi-stage cyber attacks and insider risks
A3: ⚠️ State 2: Cloud Resilient State (Score: 41% – 60%) | B3: Core defensive perimeters are functional, and critical business validations are in place. However, some gaps exist due to manual dependencies or minor tracking lapses in asset lifecycles | C3: Moderate threat exposure. Capable of deflecting general opportunistic vectors, but highly targeted campaigns could exploit human validation points
A4: 🚨 State 3: Elevated Cloud Exposure (Score: 61% – 80%) | B4: Major control vulnerabilities are present. The environment lacks robust segmentation, identity management has clear gaps, and security operations are reactive. | C4: High threat exposure. A compromise in the general corporate network carries a high probability of successful lateral movement into the SWIFT perimeter.
A5: ☠️ State 4: Critical Cloud Threat Posture (Score: 81% – 100%) | B5: Widespread failure or complete absence of standard security baselines. Credential hygiene is absent, access groups are unmonitored, and third-party interactions introduce severe risk | C5: Catastrophic exposure. The organization is exceptionally vulnerable to imminent fraud, ransomware distribution, or extensive long-term data exfiltration
A7: © 2026 Amit Kulkarni All rights reserved.
