Workbook

Sheet Platform_DB
A1: Question ID | B1: Category | C1: Question | D1: Pinecone | E1: Weaviate | F1: Milvus | G1: Qdrant | H1: Chroma | I1: FAISS | J1: Pgvector | K1: MongoDB | L1: Turbopuffer | M1: OpenSearch
A2: Q1 | B2: Deployment & Cost | C2: Require fully managed SaaS to eliminate infra maintenance? | D2: 1 | E2: 0.9 | F2: 0.9 | G2: 0.9 | H2: 0.4 | I2: 0.1 | J2: 0.3 | K2: 0.8 | L2: 1 | M2: 0.8
A3: Q2 | B3: Deployment & Cost | C3: Require multi-cloud availability (AWS, Azure, and GCP)? | D3: 1 | E3: 0.9 | F3: 0.9 | G3: 0.9 | H3: 0.1 | I3: 0.1 | J3: 0.6 | K3: 1 | L3: 0.4 | M3: 0.8
A4: Q3 | B4: Deployment & Cost | C4: Need embedded, local-first database for offline or edge apps? | D4: 0.1 | E4: 0.1 | F4: 0.1 | G4: 0.1 | H4: 1 | I4: 0.9 | J4: 0.2 | K4: 0.1 | L4: 0.1 | M4: 0.1
A5: Q4 | B5: Deployment & Cost | C5: Need low-cost serverless architecture to avoid paying for idle? | D5: 1 | E5: 0.7 | F5: 0.8 | G5: 0.8 | H5: 0.5 | I5: 0.1 | J5: 0.2 | K5: 0.4 | L5: 1 | M5: 0.3
A6: Q5 | B6: Deployment & Cost | C6: Require 100% open-source core code for independence? | D6: 0.1 | E6: 1 | F6: 1 | G6: 1 | H6: 1 | I6: 1 | J6: 1 | K6: 0.2 | L6: 0.1 | M6: 1
A7: Q6 | B7: Deployment & Cost | C7: Running system strictly self-hosted inside air-gapped network? | D7: 0.1 | E7: 1 | F7: 1 | G7: 1 | H7: 0.8 | I7: 0.9 | J7: 1 | K7: 0.5 | L7: 0.1 | M7: 1
A8: Q7 | B8: Deployment & Cost | C8: Require Enterprise SLAs, SOC2, and 24/7 dedicated support? | D8: 1 | E8: 0.9 | F8: 0.9 | G8: 0.9 | H8: 0.3 | I8: 0.1 | J8: 0.5 | K8: 1 | L8: 0.7 | M8: 0.9
A9: Q8 | B9: Deployment & Cost | C9: Need multi-region replication for global low latency? | D9: 0.9 | E9: 0.7 | F9: 0.8 | G9: 0.8 | H9: 0.1 | I9: 0.1 | J9: 0.6 | K9: 1 | L9: 0.4 | M9: 0.8
A10: Q9 | B10: Deployment & Cost | C10: Keeping raw infrastructure monthly spend at bare minimum? | D10: 0.2 | E10: 0.4 | F10: 0.4 | G10: 0.5 | H10: 0.8 | I10: 0.9 | J10: 0.6 | K10: 0.3 | L10: 1 | M10: 0.4
A11: Q10 | B11: Deployment & Cost | C11: Require native, isolated multi-tenancy at cluster layer? | D11: 0.8 | E11: 1 | F11: 1 | G11: 1 | H11: 0.2 | I11: 0.1 | J11: 0.6 | K11: 0.7 | L11: 0.3 | M11: 0.9
A12: Q11 | B12: Language & SDK | C12: Highly optimized native Python SDK primary tool interface? | D12: 1 | E12: 1 | F12: 1 | G12: 1 | H12: 1 | I12: 1 | J12: 0.8 | K12: 0.9 | L12: 0.9 | M12: 0.9
A13: Q12 | B13: Language & SDK | C13: Top-tier JS/TypeScript SDK support for Node/Next.js apps? | D13: 1 | E13: 1 | F13: 0.9 | G13: 1 | H13: 0.9 | I13: 0.3 | J13: 0.7 | K13: 0.9 | L13: 0.8 | M13: 0.8
... A101: Q100 | B101: Dev Experience | C101: Require advanced enterprise security controls like Row-Level Security (RLS)? | D101: 0.7 | E101: 0.7 | F101: 0.9 | G101: 0.8 | H101: 0.1 | I101: 0.1 | J101: 1 | K101: 0.9 | L101: 0.4 | M101: 0.9

Sheet Evaluation_Engine
A1: Question ID | B1: Question | C1: User Priority | D1: Calculated Weight | E1: Pinecone | F1: Weaviate | G1: Milvus | H1: Qdrant | I1: Chroma | J1: FAISS | K1: Pgvector | L1: MongoDB | M1: Turbopuffer | N1: OpenSearch
A2: Q1 | B2: =VLOOKUP(A2, Platform_DB!$A:$H, 3, FALSE) -> Require fully managed SaaS to eliminate infra maintenance? | C2: Medium | D2: {=_xlfn.SWITCH(C2,"Critical",4,"High",2.5,"Medium",1,"Not Needed", 0)} -> 1 | E2: =D2 * VLOOKUP($A2, Platform_DB!$A:$M, 4, FALSE) -> 1 | F2: =D2 * VLOOKUP($A2, Platform_DB!$A:$M, 5, FALSE) -> 0.9 | G2: =D2 * VLOOKUP($A2, Platform_DB!$A:$M, 6, FALSE) -> 0.9 | H2: =D2 * VLOOKUP($A2, Platform_DB!$A:$M, 7, FALSE) -> 0.9 | I2: =D2 * VLOOKUP($A2, Platform_DB!$A:$M, 8, FALSE) -> 0.4 | J2: =D2 * VLOOKUP($A2, Platform_DB!$A:$M, 9, FALSE) -> 0.1 | K2: =D2 * VLOOKUP($A2, Platform_DB!$A:$M, 10, FALSE) -> 0.3 | L2: =D2 * VLOOKUP($A2, Platform_DB!$A:$M, 11, FALSE) -> 0.8 | M2: =D2 * VLOOKUP($A2, Platform_DB!$A:$M, 12, FALSE) -> 1 | N2: =D2 * VLOOKUP($A2, Platform_DB!$A:$M, 13, FALSE) -> 0.8
A3: Q2 | B3: =VLOOKUP(A3, Platform_DB!$A:$H, 3, FALSE) -> Require multi-cloud availability (AWS, Azure, and GCP)? | C3: High | D3: {=_xlfn.SWITCH(C3,"Critical",4,"High",2.5,"Medium",1,"Not Needed", 0)} -> 2.5 | E3: =D3 * VLOOKUP($A3, Platform_DB!$A:$M, 4, FALSE) -> 2.5 | F3: =D3 * VLOOKUP($A3, Platform_DB!$A:$M, 5, FALSE) -> 2.25 | G3: =D3 * VLOOKUP($A3, Platform_DB!$A:$M, 6, FALSE) -> 2.25 | H3: =D3 * VLOOKUP($A3, Platform_DB!$A:$M, 7, FALSE) -> 2.25 | I3: =D3 * VLOOKUP($A3, Platform_DB!$A:$M, 8, FALSE) -> 0.25 | J3: =D3 * VLOOKUP($A3, Platform_DB!$A:$M, 9, FALSE) -> 0.25 | K3: =D3 * VLOOKUP($A3, Platform_DB!$A:$M, 10, FALSE) -> 1.5 | L3: =D3 * VLOOKUP($A3, Platform_DB!$A:$M, 11, FALSE) -> 2.5 | M3: =D3 * VLOOKUP($A3, Platform_DB!$A:$M, 12, FALSE) -> 1 | N3: =D3 * VLOOKUP($A3, Platform_DB!$A:$M, 13, FALSE) -> 2
A4: Q3 | B4: =VLOOKUP(A4, Platform_DB!$A:$H, 3, FALSE) -> Need embedded, local-first database for offline or edge apps? | C4: Critical | D4: {=_xlfn.SWITCH(C4,"Critical",4,"High",2.5,"Medium",1,"Not Needed", 0)} -> 4 | E4: =D4 * VLOOKUP($A4, Platform_DB!$A:$M, 4, FALSE) -> 0.4 | F4: =D4 * VLOOKUP($A4, Platform_DB!$A:$M, 5, FALSE) -> 0.4 | G4: =D4 * VLOOKUP($A4, Platform_DB!$A:$M, 6, FALSE) -> 0.4 | H4: =D4 * VLOOKUP($A4, Platform_DB!$A:$M, 7, FALSE) -> 0.4 | I4: =D4 * VLOOKUP($A4, Platform_DB!$A:$M, 8, FALSE) -> 4 | J4: =D4 * VLOOKUP($A4, Platform_DB!$A:$M, 9, FALSE) -> 3.6 | K4: =D4 * VLOOKUP($A4, Platform_DB!$A:$M, 10, FALSE) -> 0.8 | L4: =D4 * VLOOKUP($A4, Platform_DB!$A:$M, 11, FALSE) -> 0.4 | M4: =D4 * VLOOKUP($A4, Platform_DB!$A:$M, 12, FALSE) -> 0.4 | N4: =D4 * VLOOKUP($A4, Platform_DB!$A:$M, 13, FALSE) -> 0.4
A5: Q4 | B5: =VLOOKUP(A5, Platform_DB!$A:$H, 3, FALSE) -> Need low-cost serverless architecture to avoid paying for idle? | C5: Not Needed | D5: {=_xlfn.SWITCH(C5,"Critical",4,"High",2.5,"Medium",1,"Not Needed", 0)} -> 0 | E5: =D5 * VLOOKUP($A5, Platform_DB!$A:$M, 4, FALSE) -> 0 | F5: =D5 * VLOOKUP($A5, Platform_DB!$A:$M, 5, FALSE) -> 0 | G5: =D5 * VLOOKUP($A5, Platform_DB!$A:$M, 6, FALSE) -> 0 | H5: =D5 * VLOOKUP($A5, Platform_DB!$A:$M, 7, FALSE) -> 0 | I5: =D5 * VLOOKUP($A5, Platform_DB!$A:$M, 8, FALSE) -> 0 | J5: =D5 * VLOOKUP($A5, Platform_DB!$A:$M, 9, FALSE) -> 0 | K5: =D5 * VLOOKUP($A5, Platform_DB!$A:$M, 10, FALSE) -> 0 | L5: =D5 * VLOOKUP($A5, Platform_DB!$A:$M, 11, FALSE) -> 0 | M5: =D5 * VLOOKUP($A5, Platform_DB!$A:$M, 12, FALSE) -> 0 | N5: =D5 * VLOOKUP($A5, Platform_DB!$A:$M, 13, FALSE) -> 0
A6: Q5 | B6: =VLOOKUP(A6, Platform_DB!$A:$H, 3, FALSE) -> Require 100% open-source core code for independence? | C6: Medium | D6: {=_xlfn.SWITCH(C6,"Critical",4,"High",2.5,"Medium",1,"Not Needed", 0)} -> 1 | E6: =D6 * VLOOKUP($A6, Platform_DB!$A:$M, 4, FALSE) -> 0.1 | F6: =D6 * VLOOKUP($A6, Platform_DB!$A:$M, 5, FALSE) -> 1 | G6: =D6 * VLOOKUP($A6, Platform_DB!$A:$M, 6, FALSE) -> 1 | H6: =D6 * VLOOKUP($A6, Platform_DB!$A:$M, 7, FALSE) -> 1 | I6: =D6 * VLOOKUP($A6, Platform_DB!$A:$M, 8, FALSE) -> 1 | J6: =D6 * VLOOKUP($A6, Platform_DB!$A:$M, 9, FALSE) -> 1 | K6: =D6 * VLOOKUP($A6, Platform_DB!$A:$M, 10, FALSE) -> 1 | L6: =D6 * VLOOKUP($A6, Platform_DB!$A:$M, 11, FALSE) -> 0.2 | M6: =D6 * VLOOKUP($A6, Platform_DB!$A:$M, 12, FALSE) -> 0.1 | N6: =D6 * VLOOKUP($A6, Platform_DB!$A:$M, 13, FALSE) -> 1
A7: Q6 | B7: =VLOOKUP(A7, Platform_DB!$A:$H, 3, FALSE) -> Running system strictly self-hosted inside air-gapped network? | C7: Critical | D7: {=_xlfn.SWITCH(C7,"Critical",4,"High",2.5,"Medium",1,"Not Needed", 0)} -> 4 | E7: =D7 * VLOOKUP($A7, Platform_DB!$A:$M, 4, FALSE) -> 0.4 | F7: =D7 * VLOOKUP($A7, Platform_DB!$A:$M, 5, FALSE) -> 4 | G7: =D7 * VLOOKUP($A7, Platform_DB!$A:$M, 6, FALSE) -> 4 | H7: =D7 * VLOOKUP($A7, Platform_DB!$A:$M, 7, FALSE) -> 4 | I7: =D7 * VLOOKUP($A7, Platform_DB!$A:$M, 8, FALSE) -> 3.2 | J7: =D7 * VLOOKUP($A7, Platform_DB!$A:$M, 9, FALSE) -> 3.6 | K7: =D7 * VLOOKUP($A7, Platform_DB!$A:$M, 10, FALSE) -> 4 | L7: =D7 * VLOOKUP($A7, Platform_DB!$A:$M, 11, FALSE) -> 2 | M7: =D7 * VLOOKUP($A7, Platform_DB!$A:$M, 12, FALSE) -> 0.4 | N7: =D7 * VLOOKUP($A7, Platform_DB!$A:$M, 13, FALSE) -> 4
A8: Q7 | B8: =VLOOKUP(A8, Platform_DB!$A:$H, 3, FALSE) -> Require Enterprise SLAs, SOC2, and 24/7 dedicated support? | C8: High | D8: {=_xlfn.SWITCH(C8,"Critical",4,"High",2.5,"Medium",1,"Not Needed", 0)} -> 2.5 | E8: =D8 * VLOOKUP($A8, Platform_DB!$A:$M, 4, FALSE) -> 2.5 | F8: =D8 * VLOOKUP($A8, Platform_DB!$A:$M, 5, FALSE) -> 2.25 | G8: =D8 * VLOOKUP($A8, Platform_DB!$A:$M, 6, FALSE) -> 2.25 | H8: =D8 * VLOOKUP($A8, Platform_DB!$A:$M, 7, FALSE) -> 2.25 | I8: =D8 * VLOOKUP($A8, Platform_DB!$A:$M, 8, FALSE) -> 0.75 | J8: =D8 * VLOOKUP($A8, Platform_DB!$A:$M, 9, FALSE) -> 0.25 | K8: =D8 * VLOOKUP($A8, Platform_DB!$A:$M, 10, FALSE) -> 1.25 | L8: =D8 * VLOOKUP($A8, Platform_DB!$A:$M, 11, FALSE) -> 2.5 | M8: =D8 * VLOOKUP($A8, Platform_DB!$A:$M, 12, FALSE) -> 1.75 | N8: =D8 * VLOOKUP($A8, Platform_DB!$A:$M, 13, FALSE) -> 2.25
A9: Q8 | B9: =VLOOKUP(A9, Platform_DB!$A:$H, 3, FALSE) -> Need multi-region replication for global low latency? | C9: Medium | D9: {=_xlfn.SWITCH(C9,"Critical",4,"High",2.5,"Medium",1,"Not Needed", 0)} -> 1 | E9: =D9 * VLOOKUP($A9, Platform_DB!$A:$M, 4, FALSE) -> 0.9 | F9: =D9 * VLOOKUP($A9, Platform_DB!$A:$M, 5, FALSE) -> 0.7 | G9: =D9 * VLOOKUP($A9, Platform_DB!$A:$M, 6, FALSE) -> 0.8 | H9: =D9 * VLOOKUP($A9, Platform_DB!$A:$M, 7, FALSE) -> 0.8 | I9: =D9 * VLOOKUP($A9, Platform_DB!$A:$M, 8, FALSE) -> 0.1 | J9: =D9 * VLOOKUP($A9, Platform_DB!$A:$M, 9, FALSE) -> 0.1 | K9: =D9 * VLOOKUP($A9, Platform_DB!$A:$M, 10, FALSE) -> 0.6 | L9: =D9 * VLOOKUP($A9, Platform_DB!$A:$M, 11, FALSE) -> 1 | M9: =D9 * VLOOKUP($A9, Platform_DB!$A:$M, 12, FALSE) -> 0.4 | N9: =D9 * VLOOKUP($A9, Platform_DB!$A:$M, 13, FALSE) -> 0.8
A10: Q9 | B10: =VLOOKUP(A10, Platform_DB!$A:$H, 3, FALSE) -> Keeping raw infrastructure monthly spend at bare minimum? | C10: High | D10: {=_xlfn.SWITCH(C10,"Critical",4,"High",2.5,"Medium",1,"Not Needed", 0)} -> 2.5 | E10: =D10 * VLOOKUP($A10, Platform_DB!$A:$M, 4, FALSE) -> 0.5 | F10: =D10 * VLOOKUP($A10, Platform_DB!$A:$M, 5, FALSE) -> 1 | G10: =D10 * VLOOKUP($A10, Platform_DB!$A:$M, 6, FALSE) -> 1 | H10: =D10 * VLOOKUP($A10, Platform_DB!$A:$M, 7, FALSE) -> 1.25 | I10: =D10 * VLOOKUP($A10, Platform_DB!$A:$M, 8, FALSE) -> 2 | J10: =D10 * VLOOKUP($A10, Platform_DB!$A:$M, 9, FALSE) -> 2.25 | K10: =D10 * VLOOKUP($A10, Platform_DB!$A:$M, 10, FALSE) -> 1.5 | L10: =D10 * VLOOKUP($A10, Platform_DB!$A:$M, 11, FALSE) -> 0.75 | M10: =D10 * VLOOKUP($A10, Platform_DB!$A:$M, 12, FALSE) -> 2.5 | N10: =D10 * VLOOKUP($A10, Platform_DB!$A:$M, 13, FALSE) -> 1
A11: Q10 | B11: =VLOOKUP(A11, Platform_DB!$A:$H, 3, FALSE) -> Require native, isolated multi-tenancy at cluster layer? | C11: High | D11: {=_xlfn.SWITCH(C11,"Critical",4,"High",2.5,"Medium",1,"Not Needed", 0)} -> 2.5 | E11: =D11 * VLOOKUP($A11, Platform_DB!$A:$M, 4, FALSE) -> 2 | F11: =D11 * VLOOKUP($A11, Platform_DB!$A:$M, 5, FALSE) -> 2.5 | G11: =D11 * VLOOKUP($A11, Platform_DB!$A:$M, 6, FALSE) -> 2.5 | H11: =D11 * VLOOKUP($A11, Platform_DB!$A:$M, 7, FALSE) -> 2.5 | I11: =D11 * VLOOKUP($A11, Platform_DB!$A:$M, 8, FALSE) -> 0.5 | J11: =D11 * VLOOKUP($A11, Platform_DB!$A:$M, 9, FALSE) -> 0.25 | K11: =D11 * VLOOKUP($A11, Platform_DB!$A:$M, 10, FALSE) -> 1.5 | L11: =D11 * VLOOKUP($A11, Platform_DB!$A:$M, 11, FALSE) -> 1.75 | M11: =D11 * VLOOKUP($A11, Platform_DB!$A:$M, 12, FALSE) -> 0.75 | N11: =D11 * VLOOKUP($A11, Platform_DB!$A:$M, 13, FALSE) -> 2.25
A12: Q11 | B12: =VLOOKUP(A12, Platform_DB!$A:$H, 3, FALSE) -> Highly optimized native Python SDK primary tool interface? | C12: Not Needed | D12: {=_xlfn.SWITCH(C12,"Critical",4,"High",2.5,"Medium",1,"Not Needed", 0)} -> 0 | E12: =D12 * VLOOKUP($A12, Platform_DB!$A:$M, 4, FALSE) -> 0 | F12: =D12 * VLOOKUP($A12, Platform_DB!$A:$M, 5, FALSE) -> 0 | G12: =D12 * VLOOKUP($A12, Platform_DB!$A:$M, 6, FALSE) -> 0 | H12: =D12 * VLOOKUP($A12, Platform_DB!$A:$M, 7, FALSE) -> 0 | I12: =D12 * VLOOKUP($A12, Platform_DB!$A:$M, 8, FALSE) -> 0 | J12: =D12 * VLOOKUP($A12, Platform_DB!$A:$M, 9, FALSE) -> 0 | K12: =D12 * VLOOKUP($A12, Platform_DB!$A:$M, 10, FALSE) -> 0 | L12: =D12 * VLOOKUP($A12, Platform_DB!$A:$M, 11, FALSE) -> 0 | M12: =D12 * VLOOKUP($A12, Platform_DB!$A:$M, 12, FALSE) -> 0 | N12: =D12 * VLOOKUP($A12, Platform_DB!$A:$M, 13, FALSE) -> 0
A13: Q12 | B13: =VLOOKUP(A13, Platform_DB!$A:$H, 3, FALSE) -> Top-tier JS/TypeScript SDK support for Node/Next.js apps? | C13: Critical | D13: {=_xlfn.SWITCH(C13,"Critical",4,"High",2.5,"Medium",1,"Not Needed", 0)} -> 4 | E13: =D13 * VLOOKUP($A13, Platform_DB!$A:$M, 4, FALSE) -> 4 | F13: =D13 * VLOOKUP($A13, Platform_DB!$A:$M, 5, FALSE) -> 4 | G13: =D13 * VLOOKUP($A13, Platform_DB!$A:$M, 6, FALSE) -> 3.6 | H13: =D13 * VLOOKUP($A13, Platform_DB!$A:$M, 7, FALSE) -> 4 | I13: =D13 * VLOOKUP($A13, Platform_DB!$A:$M, 8, FALSE) -> 3.6 | J13: =D13 * VLOOKUP($A13, Platform_DB!$A:$M, 9, FALSE) -> 1.2 | K13: =D13 * VLOOKUP($A13, Platform_DB!$A:$M, 10, FALSE) -> 2.8 | L13: =D13 * VLOOKUP($A13, Platform_DB!$A:$M, 11, FALSE) -> 3.6 | M13: =D13 * VLOOKUP($A13, Platform_DB!$A:$M, 12, FALSE) -> 3.2 | N13: =D13 * VLOOKUP($A13, Platform_DB!$A:$M, 13, FALSE) -> 3.2
... A101: Q100 | B101: =VLOOKUP(A101, Platform_DB!$A:$H, 3, FALSE) -> Require advanced enterprise security controls like Row-Level Security (RLS)? | C101: High | D101: {=_xlfn.SWITCH(C101,"Critical",4,"High",2.5,"Medium",1,"Not Needed", 0)} -> 2.5 | E101: =D101 * VLOOKUP($A101, Platform_DB!$A:$M, 4, FALSE) -> 1.75 | F101: =D101 * VLOOKUP($A101, Platform_DB!$A:$M, 5, FALSE) -> 1.75 | G101: =D101 * VLOOKUP($A101, Platform_DB!$A:$M, 6, FALSE) -> 2.25 | H101: =D101 * VLOOKUP($A101, Platform_DB!$A:$M, 7, FALSE) -> 2 | I101: =D101 * VLOOKUP($A101, Platform_DB!$A:$M, 8, FALSE) -> 0.25 | J101: =D101 * VLOOKUP($A101, Platform_DB!$A:$M, 9, FALSE) -> 0.25 | K101: =D101 * VLOOKUP($A101, Platform_DB!$A:$M, 10, FALSE) -> 2.5 | L101: =D101 * VLOOKUP($A101, Platform_DB!$A:$M, 11, FALSE) -> 2.25 | M101: =D101 * VLOOKUP($A101, Platform_DB!$A:$M, 12, FALSE) -> 1 | N101: =D101 * VLOOKUP($A101, Platform_DB!$A:$M, 13, FALSE) -> 2.25
C105: Total Max Possible Weighted Points | D105: =SUM(D2:D101) * 1 -> 208.5 | E105: =(SUM($E$2:$E$101)/SUM($D$2:$D$101))*100 -> 61.510791 | F105: =(SUM($F$2:$F$101)/SUM($D$2:$D$101))*100 -> 74.844125 | G105: =(SUM($G$2:$G$101)/SUM($D$2:$D$101))*100 -> 77.529976 | H105: =(SUM($H$2:$H$101)/SUM($D$2:$D$101))*100 -> 79.280576 | I105: =(SUM($I$2:$I$101)/SUM($D$2:$D$101))*100 -> 47.338129 | J105: =(SUM($J$2:$J$101)/SUM($D$2:$D$101))*100 -> 38.489209 | K105: =(SUM($K$2:$K$101)/SUM($D$2:$D$101))*100 -> 57.002398 | L105: =(SUM($L$2:$L$101)/SUM($D$2:$D$101))*100 -> 68.848921 | M105: =(SUM($M$2:$M$101)/SUM($D$2:$D$101))*100 -> 48.105516 | N105: =(SUM($N$2:$N$101)/SUM($D$2:$D$101))*100 -> 74.556355
C107: Platforms | D107: Scores
C108: {=TRANSPOSE(E1:N1)} -> Pinecone | D108: {=TRANSPOSE(E105:N105)} -> 61.510791
C109: Weaviate | D109: 74.844125
C110: Milvus | D110: 77.529976
C111: Qdrant | D111: 79.280576
C112: Chroma | D112: 47.338129
C113: FAISS | D113: 38.489209
C114: Pgvector | D114: 57.002398
C115: MongoDB | D115: 68.848921
C116: Turbopuffer | D116: 48.105516
C117: OpenSearch | D117: 74.556355
C119: Selected Platform
C120: =INDEX($C$108:$C$117, MATCH(LARGE($D$108:$D$117, ROW(A1)), $D$108:$D$117, 0)) -> Qdrant | D120: =LARGE($D$108:$D$117, ROW(A1)) -> 79.280576

Sheet Tools Info
A1: Platform [1, 2] | B1: Best For | C1: Cost Rating (1: Cheap, 5: Costly) | D1: Pros (+) | E1: Cons (-)
A2: Pinecone | B2: Fully managed, zero-ops enterprise RAG applications scaling to production instantly. | C2: 5 | D2: Fully managed SaaS; no infrastructure overhead; excellent indexing speed; native hybrid search. | E2: Vendor lock-in; closed source; gets very expensive at massive scales; no local offline mode.
A3: Weaviate | B3: GraphQL-centric, developer-friendly object modeling and automated RAG pipelines. | C3: 4 | D3: Built-in text chunking; native GraphQL support; dynamic vector routing; excellent hybrid search. | E3: High memory consumption; self-hosting complex distributed setups requires steep learning.
A4: Milvus | B4: High-concurrency enterprise pipelines scaling past billions of dense vectors with GPU support. | C4: 4 | D4: Billions-scale data capability; native GPU acceleration; highly resilient distributed architecture. | E4: High operational overhead; complex Kubernetes dependencies; expensive to run idle clusters.
A5: Qdrant | B5: Ultra-low latency lookups and memory-efficient production apps written in Rust. | C5: 3 | D5: Exceptional speed; memory optimized (advanced quantization); native payload storage; written in Rust. | E5: Smaller cloud ecosystem presence than Pinecone; managed SaaS dashboard features are basic.
A6: Chroma | B6: Rapid prototyping, lightweight applications, and local python-first notebook environments. | C6: 1 | D6: Zero configuration; perfect for fast local RAG prototyping; free open-source tool. | E6: Not built for billion-scale production; multi-node distributed scaling is weak; basic features.
A7: FAISS | B7: In-memory research, offline batch vector indexing, and raw mathematical similarity calculation. | C7: 1 | D7: Industry-standard algorithms; fastest raw read performance; native GPU acceleration; free open-source. | E7: No built-in metadata database; no real-time dynamic CRUD updates without full index rebuilding.
A8: Pgvector | B8: Teams already using PostgreSQL who want to avoid adding a new database engine. | C8: 2 | D8: Zero architectural overhead if already on Postgres; full ACID compliance; relational joins work natively. | E8: Relational overhead impacts speed at massive scale; HNSW index builds consume high RAM.
A9: MongoDB Atlas | B9: Teams heavily reliant on document stores handling deeply nested, rapidly changing metadata. | C9: 3 | D9: Unified transactional system; perfect schema-less JSON metadata handling; zero infrastructure setup. | E9: Hybrid dense/sparse search performance trails dedicated engines; latency is higher at high scales.
A10: Turbopuffer | B10: Ultra-low-cost, serverless applications utilizing object storage for cold-start datasets. | C10: 1 | D10: Lowest baseline cost; uses object storage natively; serverless architecture scales down to zero. | E10: Higher query latency for un-cached data; lacks complex enterprise access controls/RBAC.
A11: OpenSearch | B11: Organizations running centralized text analytics, log management, and traditional enterprise search. | C11: 4 | D11: Industry-leading hybrid text/vector relevance fusion; robust enterprise security rules natively. | E11: Heavy resource footprint; complex cluster management overhead; slower vector indexing.
